,waktu,id,username,teks
0,2022-07-16 08:41:53,1548226401404583936,cha,"b'Hmmmmmm, x suka coding tp kenapala syelalu end up dgn coding. Cita cita aku nk jadi data analyst ja bukan programme\xe2\x80\xa6 https://t.co/vYTHJalbI5'"
1,2022-07-16 07:45:35,1548212232865329153,radityari,b'@txtfrombrand Di tangan fakhira mah sudah terblokir lapaknya @Fakhirayasminz \nBismillah data analyst shopee\xf0\x9f\x99\x8f\xf0\x9f\x8f\xbd'
2,2022-07-16 07:42:39,1548211493745074178,nattokki,"b'@nonntft @collegemenfess Ga sekedar perkenalan aja kok. Di jelasin gambaran besarnya dari data analyst itu apa, sam\xe2\x80\xa6 https://t.co/Xc24HhLy5t'"
3,2022-07-16 06:23:19,1548191532372881413,Henry S üêù,b'@Darrod_ @legolard Ada 1 jurnalis Tifo udah jadi data analyst di RB Leipzig. Scattergram guy.'
4,2022-07-16 04:49:40,1548167961579769856,COLLE,b'[cm] kalian yg sekarang menekuni data analyst belajar awalnya darimana ? aku tertarik tp blm ada basicnya samsek'
5,2022-07-16 04:19:35,1548160389745037312,elle k/ia,"b'@socrates1920 Aku jadinya milih yg MES data analyst, tertariknya dpt benefit inii, terus dapet uang pulsa per bulan https://t.co/9cGhvh8gCq'"
6,2022-07-16 03:56:49,1548154660535803905,Cobain dong ngemil @nagihcoklatüç´ü•∞,"b'RT @txtdrmahasiswa_: Jurusan Matematika, Statistika, ImuEkonomi/Akuntansi\n\nJurusan ini banyak berkecimpung dengan mengelola dan analisa soa\xe2\x80\xa6'"
7,2022-07-16 03:37:16,1548149742793736195,ffm,"b'@khalidmeister Wah menarik ini, sayangnya bukan data analyst \xf0\x9f\x98\xa5'"
8,2022-07-16 03:33:53,1548148890213711874,eskrimkampina,b'@worksfess Halo min aku juga lulusan matematikaa. Skrng jadi data analyst. Menurutku km bisa belajar R dulu nder buat basic hehe'
9,2022-07-16 03:13:08,1548143670909476865,bƒ±bl«ù,b'@worksfess ikut pelatihan data analyst di dqlab nder. sayang bgt ilmu mtk nyaa bisa diasah lebih mantap lagi ituu'
10,2022-07-16 03:10:09,1548142918971830272,Baca Rules (bit.ly/worksfess),"b'Work! Ada yg tau gak website buat cari proyekan data analyst? share info dong guys, makasih'"
11,2022-07-16 03:09:32,1548142761928364034,han ‚ù§Ô∏è‚Äçüî• MINGI,"b'@worksfess Ikut pelatihan nder, sayang bangettt ilmu di mtk nya pasti cocok jd data analyst/scientist'"
12,2022-07-16 02:43:52,1548136303572963328,han,"b'@collegemenfess Banyak nder, kalo mau belajar lagi mah bisa ke data analyst/scientist.'"
13,2022-07-16 02:39:22,1548135173442572288,JASA SPSS DAN SKRIPSIÓ®Ä,b'@Jokitugsfess Aku kak akuu. Aku pegawai data analyst biasa tanganin data skripsi juga'
14,2022-07-15 23:13:48,1548083438905077760,Eng,"b'RT @nailafadhilah: Guys kl ada Data analyst/mau jadi Data analyst yang lagi cari kerja, DM aku ya~\n\ntech: HiveQL, Presto SQL, Python, Excel\xe2\x80\xa6'"
15,2022-07-15 23:03:58,1548080966102441990,intan herdana,"b'Kerja apa sih? Data analyst. La kan anak hukum? Sudah beralih profesi, melenceng banget sih tapi bisa kok cuma berk\xe2\x80\xa6 https://t.co/7ELOpZ6hpk'"
16,2022-07-15 17:01:48,1547989823234854920,Hafiz Kamis,b'@HalilMing Kick-off Data analyst tu perlukan kemahiran programming ke? Macam mana nak tahu potential diri ke arah mana ye?'
17,2022-07-15 16:46:32,1547985980866457602,COLLE,"b'[cm] gaiss yg ikut stupen msib batch 3 di myedusolve, pathway data analyst udh pada keterima??'"
18,2022-07-15 16:28:45,1547981503346290689,Austin Fraser Jobs,b'New #job: Data Analyst Location: Camberley Salary: 50kpa - 60kpa .. https://t.co/52z3cyAYz5 #jobs #hiring'
19,2022-07-15 16:23:19,1547980138377539584,@inisayaraka,b'Ciee mulai pakai data analyst nii \xf0\x9f\x98\x82 https://t.co/GylKK1WXy3'
20,2022-07-15 15:07:02,1547960939869523968,nama tak bole kosong,b'RT @nmonarizqa: Wkwkw btw ga semua bootcamp created equal dan ga semua kerjaan data created equal juga. Ada yang barriernya tinggi (MLOps m\xe2\x80\xa6'
21,2022-07-15 14:48:49,1547956355289726977,blue,"b'@worksfess hallo aku ada loker buat data analyst, UI/UX writer, software development engineer dan IT lainnya dan fu\xe2\x80\xa6 https://t.co/3mor9rZuhs'"
22,2022-07-15 14:42:36,1547954789488939008,J,b'belajar data analyst phyton lama-lama kepala gue hampir mirip ular sanca keracunan data\xf0\x9f\xa5\xba\xf0\x9f\xa5\xba'
23,2022-07-15 14:34:41,1547952798213742592,UGM_FESS,b'Yukk guys yg pengen belajar dasar data analyst  bisa daftar yah ugm_fess kita pake excel kok jadi gk perlu pemahama\xe2\x80\xa6 https://t.co/JBsu1iCG9E'
24,2022-07-15 14:14:13,1547947649311346691,Baca Rules (bit.ly/worksfess),b'Work! Mau nanya buat yang berkarir di bidang data khususnya data analyst/data scientist itu kerjanya wfo atau wfh ya? Makasih sebelumnya'
25,2022-07-15 14:02:38,1547944733263409153,janitra,b'Mari banting setir ke data analyst'
26,2022-07-15 13:49:16,1547941368508456973,blue,"b'@hrjislight hallo aku ada loker buat data analyst, UI/UX writer, software development engineer dan IT lainnya. Mung\xe2\x80\xa6 https://t.co/I5gvyTKX56'"
27,2022-07-15 13:49:08,1547941337538101248,Robby Yufriendra,"b'@fdly_aahmd Gw lumayan suka matematika dan statistik, pengen bgt belajar soal data analyst gitu. Ada rekomendasi tempat belajar free ga bro?'"
28,2022-07-15 12:51:04,1547926724515483648,Hiring Now in Tech,b'RT @ai_jobsNET: HIRING: Data Analyst (AI Platform) / Seoul https://t.co/5TkhlZduX8 #AI #MachineLearning #DataJobs #Jobsearch #MLjobs #bigda\xe2\x80\xa6'
29,2022-07-15 12:03:47,1547914823224029184,ai-jobs.net,b'HIRING: Data Analyst (AI Platform) / Seoul https://t.co/5TkhlZduX8 #AI #MachineLearning #DataJobs #Jobsearch\xe2\x80\xa6 https://t.co/4xgleMOP5K'
30,2022-07-15 11:36:18,1547907907911847936,Txt Dari Mahasiswa,"b'Jurusan Matematika, Statistika, ImuEkonomi/Akuntansi\n\nJurusan ini banyak berkecimpung dengan mengelola dan analisa\xe2\x80\xa6 https://t.co/wUv89v0Qsh'"
31,2022-07-15 11:25:51,1547905275813711873,elle k/ia,b'@Erlangga1903 @collegemenfess @myedusolve Oalahh samaa aku baru batch 3 ini juga tp ambil yg data analyst'
32,2022-07-15 09:22:02,1547874117650907136,feb,b'Beberapa minggu ini lagi tertarik sama Job Data Analyst &amp; Data Scientist'
33,2022-07-15 09:21:59,1547874104694702080,bith,b'YaAllah gw buta statistika masa dikasih jadi data analyst \xf0\x9f\x98\xad'
34,2022-07-15 09:17:45,1547873038040846337,CODINGFESS,b'code; mau tanya sertifikasi data science atau data analyst dari certiport lumayan legit ga si guys? atau ada saran tempat sertifikasi lain?'
35,2022-07-15 07:23:02,1547844171448614912,Bitter Chocolate,b'@collegemenfess Tergantung km maunya dmn sih soalnya sama2 banyak dibutuhin. Statistik jg banyak butuh data analyst\xe2\x80\xa6 https://t.co/SYb4FUQp6A'
36,2022-07-15 07:20:56,1547843640541999105,x,b'@worksfess Ada yg mau belajar data analyst ga ya? Cari partner biar ilmu gue ga nguap'
37,2022-07-15 07:09:20,1547840721163468802,vk,b'@collegemenfess Statistika trs nt jd data analyst \xf0\x9f\x99\x82\xf0\x9f\x91\x8d'
38,2022-07-15 07:06:10,1547839925839486976,sukini,"b'@collegemenfess Agak jauh ya bedanya\n\nKalo aku anak stat sih, prospek kerja banyak dan data analyst lagi banyak dib\xe2\x80\xa6 https://t.co/DdMPniJ42f'"
39,2022-07-15 06:04:24,1547824382063419393,RizalAlif15,"b'@worksfess Mohon maaf mau nanya, kalau mau jadi data analyst, apa aja yang bisa disiapkan ya? Tia.'"
40,2022-07-15 05:46:32,1547819883957628932,ray!,"b'@sbmptnfess Stat uns, stat bs jd data analyst(?) Yg dibutuhin di masa depan'"
41,2022-07-15 05:32:39,1547816393609216001,Yth. Bpk. Fawwaz,b'@collegemenfess Kalo punya uang segitu mending gue ikut full stack data analyst revoU yg job guarantee'
42,2022-07-15 04:58:32,1547807807189032960,hanee yaaa,"b'@chainswwman makasih banyak kak, btw itu yg data analyst dari mitra apa ka? myedu?'"
43,2022-07-15 04:29:12,1547800424194813953,elle k/ia,b'@swemongko Insyaallah ambil yg data analyst\xf0\x9f\x98\x81'
44,2022-07-15 03:32:49,1547786236764758016,Baca Rules (bit.ly/worksfess),b'Work! Mau nanya buat yang berkarir di bidang data khususnya data analyst/data scientist itu kerjanya wfo atau wfh yaa? Makasih sebelumnya'
45,2022-07-15 03:03:39,1547778895541182464,Hiring Now in Tech,b'RT @ai_jobsNET: HIRING: Senior Data Analyst / Brazil https://t.co/AdhFlmOfPL #AI #MachineLearning #DataJobs #Jobsearch #MLjobs #bigdata #Da\xe2\x80\xa6'
46,2022-07-15 03:02:10,1547778520079773697,RosidaIndahOktaviani,b'Hallo PT Klik Optima Indonesia sedang membuka peluang nih bagi rekan rekan yang sedang mencari lowongan magang \n\nSu\xe2\x80\xa6 https://t.co/Jo6uyQDqRV'
47,2022-07-15 03:01:30,1547778354236891136,ai-jobs.net,b'HIRING: Senior Data Analyst / Brazil https://t.co/AdhFlmOfPL #AI #MachineLearning #DataJobs #Jobsearch #MLjobs\xe2\x80\xa6 https://t.co/P9ms3eos6t'
48,2022-07-15 02:36:17,1547772009173913601,50 Ringgit ($11.35),b'Malaysia perlu pakai banyak backend developer tak sekarang? Atau lebih baik kalau cuba jalan data analyst?'
49,2022-07-15 02:15:33,1547766789844901889,nom,"b'@dreamypiy @collegemenfess Mjb kak, ini kk emg udh akrab sama data analyst apa belum ya? \nPengen ikut juga, tp taku\xe2\x80\xa6 https://t.co/zZIh9DUpIq'"
50,2022-07-15 01:53:56,1547761349677092866,Mol,"b'@myedusolve Tapi saya awalnya di kampus merdeka pilih data analyst, setelah isi pathways hasilnya UI UX minn. Trs o\xe2\x80\xa6 https://t.co/ugd6uNhGFu'"
51,2022-07-15 01:51:08,1547760645499588609,godfrey‚Ñ¢,"b'RT @ai_jobsNET: HIRING: Data Analyst (gn) / Berlin, Berlin, Germany https://t.co/8mCBr1HR6D #AI #MachineLearning #DataJobs #Jobsearch #MLjo\xe2\x80\xa6'"
52,2022-07-15 00:36:16,1547741805177098240,W a s a b i,"b'@merisriz @chwembucket @worksfess Tergantung potensi mu. Kalau kamu into science, kamu bisa jadi science data analyst / researcher.'"
53,2022-07-15 00:11:11,1547735491709046784,Hiring Now in Tech,"b'RT @ai_jobsNET: HIRING: Data Analyst (gn) / Berlin, Berlin, Germany https://t.co/8mCBr1HR6D #AI #MachineLearning #DataJobs #Jobsearch #MLjo\xe2\x80\xa6'"
54,2022-07-15 00:04:18,1547733759927074816,Jakashi Bot,"b'RT @ai_jobsNET: HIRING: Data Analyst (gn) / Berlin, Berlin, Germany https://t.co/8mCBr1HR6D #AI #MachineLearning #DataJobs #Jobsearch #MLjo\xe2\x80\xa6'"
55,2022-07-15 00:04:00,1547733683712364544,ai-jobs.net,"b'HIRING: Data Analyst (gn) / Berlin, Berlin, Germany https://t.co/8mCBr1HR6D #AI #MachineLearning #DataJobs\xe2\x80\xa6 https://t.co/NXqYTJCVVD'"
56,2022-07-14 23:46:59,1547729402405875712,.,b'dah bisa assalamualaikum data analyst https://t.co/LrE5w5LqCm'
57,2022-07-14 22:04:05,1547703506236510208,üåë,"b'@skillacademy_id min, data and business analyst kok gabisa daftar ya?'"
58,2022-07-14 21:39:10,1547697236657594370,Hiring Now in Tech,b'RT @ai_jobsNET: HIRING: Data Operation Analyst I ( R- 12502) / Mumbai - India https://t.co/e5ScxYmMlp #AI #MachineLearning #DataJobs #Jobse\xe2\x80\xa6'
59,2022-07-14 21:04:23,1547688480297299975,ai-jobs.net,b'HIRING: Data Operation Analyst I ( R- 12502) / Mumbai - India https://t.co/e5ScxYmMlp #AI #MachineLearning\xe2\x80\xa6 https://t.co/woFaa9OM4J'
60,2022-07-14 18:55:11,1547655967935844359,amlrwt,b'Jujurly materi yang sangat membekas yaitu python dengan bahasa pemograman layaknya anak TI yang membuat aku harus m\xe2\x80\xa6 https://t.co/w2BjWR6awE'
61,2022-07-14 17:58:03,1547641591329763330,Maliyakin.NFT,b'Gambaran Gaji \nSumber : https://t.co/8t8oDcso5n https://t.co/kX8hRj7Hng'
62,2022-07-14 17:55:47,1547641020841504770,Maliyakin.NFT,"b'Dan jika kamu bener2 berminat, yuuk Ikutan Kelas Onlinenya dulu di\xc2\xa0Kursus Data Analyst (special offer) | Bootcamp o\xe2\x80\xa6 https://t.co/ofmrKVktzM'"
63,2022-07-14 17:33:42,1547635461795250176,.,b'siapa yg berkali2 ngistall python gk bisa? tp pingin jd data analyst saya \xf0\x9f\xa4\x99\xf0\x9f\xa4\x99\xf0\x9f\xa4\x99\xf0\x9f\xa4\x99\xf0\x9f\xa4\x99\xf0\x9f\xa4\x99'
64,2022-07-14 17:24:55,1547633253393530880,Mol,"b'@dreamypiy @collegemenfess Hai kak maaf jbjb, saat sebelum tes, kmu ngisi pathways duluu gaa? Soalnya pas ngisi pat\xe2\x80\xa6 https://t.co/C2XCoGu700'"
65,2022-07-14 17:05:55,1547628471702409216,Mol,"b'@myedusolve Haloo min semoga dijawab yahh. Saat di akun kampus merdeka aku milih data analyst, trs aku ngerjain tes\xe2\x80\xa6 https://t.co/px8HWVOLC3'"
66,2022-07-14 16:23:10,1547617712540487686,Mol,"b'@chainswwman Kak pas ngerjain tes nya, kakak belajar dulu gaa? Klo iyaa, misalnya terkait data analyst belajar apaa?'"
67,2022-07-14 15:15:04,1547600573792681984,Gamer Geek,b'RT @webuser: #4733 Senior Data Analyst\nBengaluru Karnataka India\nJob: https://t.co/fymmthjshD\n#javascript #tableau #powerbi'
68,2022-07-14 15:13:43,1547600234968072192,webuser,b'#4733 Senior Data Analyst\nBengaluru Karnataka India\nJob: https://t.co/fymmthjshD\n#javascript #tableau #powerbi'
69,2022-07-14 14:46:21,1547593348063858688,millzüêª,b'bootcamp data analyst revou beneran 20jt kah?\xf0\x9f\x98\xad\xf0\x9f\x98\xad\xf0\x9f\x98\xad\xf0\x9f\x98\xad'
70,2022-07-14 13:50:24,1547579268372533248,üê™(a),b'eh ini anak2 S1 akuntansi skrng emg ada matkul data analyst sama data science?? jaman gue asa gaada deh (padahal baru lulus)'
71,2022-07-14 13:41:42,1547577078173687810,remotejobs.ninja ü•ã,b'New Remote Job \xf0\x9f\x8f\x86\xf0\x9f\x91\x87\xf0\x9f\x8f\xbb\n\n HR Data Analyst HR Data https://t.co/8mtlMFOm6b #remotejobs #remote #remoteworking #workfromhome #homejobs #remotejob'
72,2022-07-14 13:27:25,1547573480878616576,d,"b'pen daftar magang bagian data, tp gtau bedanya data scientist, data analyst sama data engineer haha k0ny0l'"
73,2022-07-14 13:26:21,1547573212413771776,~,"b'@radenrauf Pas kecil pengen bgt jadi pilot, \nEh sekarang jadi data analyst suatu perusahaan\xf0\x9f\x98\x85'"
74,2022-07-14 13:03:48,1547567540963921926,Arista,"b'Pada masaku itu, tukang olah data lazim dikenal sebagai systems analyst. Keren juga, ya? Iya, dong. Penampilannya aja serasa eksekutif muda.'"
75,2022-07-14 12:06:51,1547553207823798273,fad,b'gue tiba tiba pgn jadi data scientist or data analyst gt ANEH BGT KNP YH'
76,2022-07-14 11:58:19,1547551058746314752,CODINGFESS,b'code; minta saran course belajar data analyst buat pemula yg recommended dimana yaa? Thank u'
77,2022-07-14 11:41:22,1547546793046642689,millzüêª,b'pgn upgrade skill mskpun blm prnh smsek liat/coba programnya. Pgn ke data analyst worth it ga yaaa? pgn sekalian ik\xe2\x80\xa6 https://t.co/dKXQ0soGhv'
78,2022-07-14 11:30:04,1547543951162638337,Askrlfess,b'[askrl] ada yang tau online course excel untuk data analyst? Terima kasih\xf0\x9f\x98\x8a\xf0\x9f\x99\x8f\xf0\x9f\x8f\xbb'
79,2022-07-14 10:21:23,1547526667031449600,millzüêª,b'pgn bljr data analyst'
80,2022-07-14 08:50:54,1547503896624390145,bymax,"b'@worksfess kerja, sambil coba upgrade soft skill nder. gunain uang itu untuk ikut kursus yg trusted dan certified.\xe2\x80\xa6 https://t.co/ru7ypqnFkP'"
81,2022-07-14 08:48:13,1547503220569739264,elle k/ia,"b'@swemongko Aku daftar berbagai bidang kakk, yg dapetnya kebanyakan di IT kayak data analyst, ai. Bisnis related jug\xe2\x80\xa6 https://t.co/146XLJkwUk'"
82,2022-07-14 08:40:35,1547501297934278657,ichigo,b'@luluujel @collegemenfess eh data analyst emang bisaa?'
83,2022-07-14 07:33:04,1547484306054025217,dasauge¬Æ Jobs,b'Senior Data Analyst (m/w/d) in #Hamburg (Praktikum)\n#Achtung #dasauge #jobs \xe2\x86\x92 https://t.co/7wncOma2Nl'
84,2022-07-14 07:31:30,1547483915014885376,Miraeee__,b'RT @vanyaahh: Ini Excel Cheat yang biasa kupake selama bekerja sebagai data analyst untuk mempercepat kerja dan meminimalisir penggunaan mo\xe2\x80\xa6'
85,2022-07-14 06:48:19,1547473044439830528,Pelatihan Terpercaya!,b'\xf0\x9d\x91\xb7\xf0\x9d\x92\x86\xf0\x9d\x92\x8d\xf0\x9d\x92\x82\xf0\x9d\x92\x8c\xf0\x9d\x92\x94\xf0\x9d\x92\x82\xf0\x9d\x92\x8f\xf0\x9d\x92\x82\xf0\x9d\x92\x82\xf0\x9d\x92\x8f:\n\xe2\x8c\xad Tanggal: 23 \xe2\x80\x93 24 Juli 2022\n\xe2\x8c\xad Pukul: 09.00 - 17.00 WIB\n\xe2\x8c\xad Online via Google Meet\n\n\xf0\x9d\x91\xbb\xf0\x9d\x92\x93\xf0\x9d\x92\x82\xf0\x9d\x92\x8a\xf0\x9d\x92\x8f\xf0\x9d\x92\x86\xf0\x9d\x92\x93:\n\xe2\x8c\x96 Moch. Riz\xe2\x80\xa6 https://t.co/xs4GQGVrUv'
86,2022-07-14 05:22:40,1547451490524049408,^GH057$,b'@fzzzan Data analyst. siap sedia jejak pakcik pakai tanya peniaga tepi jalan setiap orang haha'
87,2022-07-14 04:55:40,1547444697664475136,dul,b'@pale_ghosz @FrhAhgase @worksfess Data analyst gitu basic nya dri pendidikan IT yaa?'
88,2022-07-14 04:52:48,1547443974733934593,ashtray,b'Bismillah 2022 switch career jadi Data Analyst https://t.co/QGGCmy5iyj'
89,2022-07-14 04:34:42,1547439420990967809,Sekolah profesional,b'2. Data Scientist dan Data Analyst\nMahasiswa yang berminat pada bidang data scientist dan data analyst berfokus pad\xe2\x80\xa6 https://t.co/VgL2oudgnY'
90,2022-07-14 04:31:56,1547438723876659200,Wakanda People,"b'@aan__ Untuk bidang IT menurutku skripsi penting buat melihat hasil akhir kemampuan kita, cara nulis skripsi bisa b\xe2\x80\xa6 https://t.co/yPPPXSiNf2'"
91,2022-07-14 04:29:43,1547438167556771840,Ada Gratisan di Pinned Tweet.,"b'RT @vickyfarhan95: Oiya another info dari user nih, buat kalian yg lulusan bootcamp data (data science, data engineer, dan data analyst) at\xe2\x80\xa6'"
92,2022-07-14 04:28:50,1547437943819628544,si paling HRD,"b'RT @vickyfarhan95: Oiya another info dari user nih, buat kalian yg lulusan bootcamp data (data science, data engineer, dan data analyst) at\xe2\x80\xa6'"
93,2022-07-14 04:06:54,1547432423008321537,zahirah zulkifli,b'https://t.co/oPsgDcDglO\n\nNak jadi data analyst. Exam powerBI tak ambil lagi tapi nak exam tu better kat rumah la ko\xe2\x80\xa6 https://t.co/PUHo2IeZpn'
94,2022-07-14 03:30:21,1547423227815002112,M.Y,"b'RT @vickyfarhan95: Oiya another info dari user nih, buat kalian yg lulusan bootcamp data (data science, data engineer, dan data analyst) at\xe2\x80\xa6'"
95,2022-07-14 03:28:31,1547422765233364992,godfrey‚Ñ¢,"b'RT @ai_jobsNET: HIRING: Sr Data Analyst / Lisbon, Portugal or London, England https://t.co/N6HBBgLVGu #AI #MachineLearning #DataJobs #Jobse\xe2\x80\xa6'"
96,2022-07-14 03:27:52,1547422601630580736,Piki~,"b'Oiya another info dari user nih, buat kalian yg lulusan bootcamp data (data science, data engineer, dan data analys\xe2\x80\xa6 https://t.co/bN9Tbt9lQt'"
97,2022-07-14 03:16:42,1547419789223657472,Hiring Now in Tech,"b'RT @ai_jobsNET: HIRING: Sr Data Analyst / Lisbon, Portugal or London, England https://t.co/N6HBBgLVGu #AI #MachineLearning #DataJobs #Jobse\xe2\x80\xa6'"
98,2022-07-14 03:05:34,1547416988653277184,Candidate7153,"b'RT @ai_jobsNET: HIRING: Sr Data Analyst / Lisbon, Portugal or London, England https://t.co/N6HBBgLVGu #AI #MachineLearning #DataJobs #Jobse\xe2\x80\xa6'"
99,2022-07-14 03:05:34,1547416988502200320,Candidate7153,"b'RT @ai_jobsNET: HIRING: Sr Data Analyst / Lisbon, Portugal or London, England https://t.co/N6HBBgLVGu #AI #MachineLearning #DataJobs #Jobse\xe2\x80\xa6'"
100,2022-07-14 03:05:06,1547416870155952128,Twitchi,"b'RT @ai_jobsNET: HIRING: Sr Data Analyst / Lisbon, Portugal or London, England https://t.co/N6HBBgLVGu #AI #MachineLearning #DataJobs #Jobse\xe2\x80\xa6'"
101,2022-07-14 03:04:07,1547416625074343938,ai-jobs.net,"b'HIRING: Sr Data Analyst / Lisbon, Portugal or London, England https://t.co/N6HBBgLVGu #AI #MachineLearning\xe2\x80\xa6 https://t.co/lontb7SXar'"
102,2022-07-14 02:45:04,1547411829236060162,UNY MENFESS!,b'/uny yang pernah ikut kursus data analyst share pengalaman dong'
103,2022-07-13 23:59:12,1547370089812414469,JOKI PYTHON OPENüö™,b'\xf0\x9f\x92\xbbSPESS joki coding bahasa python/phyton/pyton semua matkul:\n- Fisika/matematika komputasi\n- Komputasi/metode numeri\xe2\x80\xa6 https://t.co/Iy1zrE4Hel'
104,2022-07-13 23:41:08,1547365541920534528,devania,b'bootcamp data analyst yang bagus apa ya'
105,2022-07-13 21:28:49,1547332243839803392,OtomeGirl,"b'@FrhAhgase @worksfess Data analyst dari SaaS company based di SG. Aku juga kadang ketemu client kantor di Jakarta. Full time, 40h/week'"
106,2022-07-13 21:00:50,1547325202778005505,Seth.J,b'4.) Data Analysis in R https://t.co/PzesAxb8gn'
107,2022-07-13 18:28:09,1547286776036802560,puputarfiani,"b'RT @DQLab_id: Excel adalah tools pengolahan data yang tidak hanya digunakan oleh praktisi data, namun juga oleh praktisi di bidang finansia\xe2\x80\xa6'"
108,2022-07-13 17:54:55,1547278415056629760,Panglima Sedboi,"b'@fallinflower37 @cashewtofu @worksfess sama nih ka, skrg lagi intern data analyst dan mau coba coba apply posisi remote \xf0\x9f\x99\x8f'"
109,2022-07-13 17:47:06,1547276444740362240,Panglima Sedboi,b'@billie9eulis @worksfess ada info buat posisi data analyst kak?'
110,2022-07-13 17:03:32,1547265483837034496,üá≤üáæWahyu Hidayat,b'RT @HalilMing: Atas permintaan kita buka balik link ini. Program yang masih available adalah Data Analyst dan Copywriting. Tempat terhad ye\xe2\x80\xa6'
111,2022-07-13 16:16:03,1547253533707223046,Vacancies in Ukraine,"b'Credit Risk Data Control Analyst in\n \n Budapest,\n\n Hungary\nhttps://t.co/PWvbpowlcG'"
112,2022-07-13 15:00:49,1547234600568532994,Reina,b'@cashewtofu @worksfess Kak aku juga tertarik di data analyst. Apa boleh connect LinkedIn atau liat portonya? Terima kasih sebelumnya kak\xf0\x9f\x99\x8f'
113,2022-07-13 14:59:46,1547234335992041473,Vacancies in Ukraine,"b'HR Data Business Analyst in\n \n Budapest,\n\n Hungary\nhttps://t.co/Hl8UAGxZID'"
114,2022-07-13 14:50:16,1547231945750609920,Farendivaz,"b'@Ridwan9013 Kemaren matkul data science saya sih pake python, harusnya data analyst juga pake itu.'"
115,2022-07-13 14:36:18,1547228428419551232,hana,"b'Nak jadi data analyst \xf0\x9f\x98\x94 stress buat dashboard pun, bnde tu exciting gilaa. Mcm tkleh stop. Aku tgh tahan diri bukak\xe2\x80\xa6 https://t.co/OR230pjBkC'"
116,2022-07-13 14:25:37,1547225743586783232,‡∑¥,b'asli dah kalo kalian ga mau stress seengganya jangan jadi data scientist atau data analyst \xf0\x9f\x98\x81\xf0\x9f\x98\x81 (a piece of advice)'
117,2022-07-13 13:55:04,1547218053422891009,Hiring Now in Tech,"b'RT @ai_jobsNET: HIRING: Senior Data Analyst / Dallas, TX https://t.co/kZDxLZKWMe #AI #MachineLearning #DataJobs #Jobsearch #MLjobs #bigdata\xe2\x80\xa6'"
118,2022-07-13 13:19:12,1547209026806874118,Naf,"b'@worksfess Gue Q1 2022, bukan kontrak fulltime gitu sih.. sistem project buat data analyst gitu, gue di bagian clea\xe2\x80\xa6 https://t.co/VUUPVgNs4p'"
119,2022-07-13 12:53:00,1547202433105133568,Ahsan Aharier,"b'@placeforbacot @akuyabingung @txtdrberseragam Lebih ke sustainability ny sih kak, job tetap, masa tua yg terjamin,\xe2\x80\xa6 https://t.co/KATTWfwxZN'"
120,2022-07-13 12:05:23,1547190451257520130,Candidate7153,"b'RT @ai_jobsNET: HIRING: Senior Data Analyst / Dallas, TX https://t.co/kZDxLZKWMe #AI #MachineLearning #DataJobs #Jobsearch #MLjobs #bigdata\xe2\x80\xa6'"
121,2022-07-13 12:05:04,1547190369405882369,Twitchi,"b'RT @ai_jobsNET: HIRING: Senior Data Analyst / Dallas, TX https://t.co/kZDxLZKWMe #AI #MachineLearning #DataJobs #Jobsearch #MLjobs #bigdata\xe2\x80\xa6'"
122,2022-07-13 12:03:04,1547189868073291776,Curious Luke,"b'RT @ai_jobsNET: HIRING: Senior Data Analyst / Dallas, TX https://t.co/kZDxLZKWMe #AI #MachineLearning #DataJobs #Jobsearch #MLjobs #bigdata\xe2\x80\xa6'"
123,2022-07-13 12:03:01,1547189856211714051,ai-jobs.net,"b'HIRING: Senior Data Analyst / Dallas, TX https://t.co/kZDxLZKWMe #AI #MachineLearning #DataJobs #Jobsearch #MLjobs\xe2\x80\xa6 https://t.co/ZuGEzX3pyn'"
124,2022-07-13 11:19:29,1547178901616484352,bolu kukus,"b'@collegemenfess asdos, peneliti, bioentrepeneur, dosen, guru, data analyst, teknisi laboratorium, pengawas kualitas makanan juga bisa'"
125,2022-07-13 11:11:23,1547176861876224000,Hiring Now in Tech,b'RT @ITECCOJobs: New #job: Data Analyst - London Location: London Salary: \xc2\xa345kpa - \xc2\xa365kpa .. https://t.co/cKax71qaw7 #ITjobs #ITECCO'
126,2022-07-13 11:04:31,1547175131742875648,tinggggg,"b'Bner2 ini tiap ngeliat @r1c1 diyutubnya, rasa ingin belajar buat jdi data analyst gede bgt kek seru aja gtu ngotak ngatik excel'"
127,2022-07-13 10:44:39,1547170132069191680,rayen ‚úó,"b'Dibalik rasa beruntung bisa tembus bidang data analyst, 77% didominasi rasa pressure buat rekan kerja n prusahaan...'"
128,2022-07-13 10:22:35,1547164581612900353,CODINGFESS,b'Ada rekomendasi kursus data analyst yang ada pengarahan untuk mendapat pekerjaan juga nggak? Aku selama kuliah juga\xe2\x80\xa6 https://t.co/GYdfZN51WH'
129,2022-07-13 10:16:10,1547162965006319616,Hiring Now in Tech,b'RT @ai_jobsNET: HIRING: Sr. HRIS Data Analyst / EMEA https://t.co/HVmstbYbUT #AI #MachineLearning #DataJobs #Jobsearch #MLjobs #bigdata #Da\xe2\x80\xa6'
130,2022-07-13 09:58:59,1547158640423215104,üåªSummerSunüåª,"b'@jnpitaa @karirfess Berkaitan sama yang digital2 gitu sih sepertinya. Kayak ui/ux, data analyst, 3d modelling dll'"
131,2022-07-13 09:28:00,1547150843966722048,Jobs via Tweet,b'RT @AustinFraserJob: New #job: Data Analyst Location: Camberley Salary: \xc2\xa350kpa - \xc2\xa360kpa .. https://t.co/52z3cyjnHx #jobs #hiring'
132,2022-07-13 09:22:32,1547149468407156742,Austin Fraser Jobs,b'New #job: Data Analyst Location: Camberley Salary: \xc2\xa350kpa - \xc2\xa360kpa .. https://t.co/52z3cyjnHx #jobs #hiring'
133,2022-07-13 09:03:10,1547144593401167877,ai-jobs.net,b'HIRING: Sr. HRIS Data Analyst / EMEA https://t.co/HVmstbYbUT #AI #MachineLearning #DataJobs #Jobsearch #MLjobs\xe2\x80\xa6 https://t.co/nzQZIgkC6y'
134,2022-07-13 08:28:16,1547135812172759043,NGO Tenders Jobs UN Bids Procurement Academic,b'HR Data Analyst\nhttps://t.co/bYluzCEL1c'
135,2022-07-13 07:47:08,1547125460307324928,Makruf Kausar,b'@faridaestid @babyxbosz Kak boleh tanya2 Data analyst di revou gak?'
136,2022-07-13 06:30:55,1547106280346906624,apanyadong,b'RT @nmonarizqa: Wkwkw btw ga semua bootcamp created equal dan ga semua kerjaan data created equal juga. Ada yang barriernya tinggi (MLOps m\xe2\x80\xa6'
137,2022-07-13 06:09:11,1547100810479370247,Hiring Now in Tech,b'RT @ai_jobsNET: HIRING: Senior Data Analyst / Hyderabad https://t.co/U2dIvdDqU3 #AI #MachineLearning #DataJobs #Jobsearch #MLjobs #bigdata\xe2\x80\xa6'
138,2022-07-13 06:05:20,1547099841787863041,Candidate7153,b'RT @ai_jobsNET: HIRING: Senior Data Analyst / Hyderabad https://t.co/U2dIvdDqU3 #AI #MachineLearning #DataJobs #Jobsearch #MLjobs #bigdata\xe2\x80\xa6'
139,2022-07-13 06:05:20,1547099841557254145,Candidate7153,b'RT @ai_jobsNET: HIRING: Senior Data Analyst / Hyderabad https://t.co/U2dIvdDqU3 #AI #MachineLearning #DataJobs #Jobsearch #MLjobs #bigdata\xe2\x80\xa6'
140,2022-07-13 06:05:15,1547099819801550849,Hyderabad bot,b'RT @ai_jobsNET: HIRING: Senior Data Analyst / Hyderabad https://t.co/U2dIvdDqU3 #AI #MachineLearning #DataJobs #Jobsearch #MLjobs #bigdata\xe2\x80\xa6'
141,2022-07-13 06:05:03,1547099768505106432,Twitchi,b'RT @ai_jobsNET: HIRING: Senior Data Analyst / Hyderabad https://t.co/U2dIvdDqU3 #AI #MachineLearning #DataJobs #Jobsearch #MLjobs #bigdata\xe2\x80\xa6'
142,2022-07-13 06:02:06,1547099027505807360,ai-jobs.net,b'HIRING: Senior Data Analyst / Hyderabad https://t.co/U2dIvdDqU3 #AI #MachineLearning #DataJobs #Jobsearch #MLjobs\xe2\x80\xa6 https://t.co/V4mtouiDHC'
143,2022-07-13 06:01:12,1547098802389192704,.,b'RT @digiskillsarea: Mau siap seleksi kerja dengan excel? Mau berkarir sebagai data analyst/scientist? Yuk ikuti pelatihan di digitalskillsa\xe2\x80\xa6'
144,2022-07-13 05:09:36,1547085815180070912,Faarihin,b'RT @HalilMing: Atas permintaan kita buka balik link ini. Program yang masih available adalah Data Analyst dan Copywriting. Tempat terhad ye\xe2\x80\xa6'
145,2022-07-13 05:00:57,1547083638436597760,üá≤üáæ üáµüá∏Ming Halil üáµüá∏üá≤üáæ,b'Atas permintaan kita buka balik link ini. Program yang masih available adalah Data Analyst dan Copywriting. Tempat\xe2\x80\xa6 https://t.co/1cs3LAMkDo'
146,2022-07-13 00:47:29,1547019850278895616,nat,b'setelah dicari tau lagi ternyata loker tuh lagi banyak di bagian digital marketing ya dibanding data analyst. kalau\xe2\x80\xa6 https://t.co/maeKXcpqaQ'
147,2022-07-13 00:07:18,1547009738696962048,_AnovA_,"b'@angga_fzn Saya juga lulusan sastra, kerja awalnya jadi data entry, sambil belajar, sekarang posisi data analyst. I\xe2\x80\xa6 https://t.co/4YmVOb4QWL'"
148,2022-07-12 18:18:29,1546921957626707971,Hiring Now in Tech,"b'RT @ai_jobsNET: HIRING: Senior Data Analyst (Bangkok Based, relocation provided) / Bangkok https://t.co/0Ap2GfiiVZ #AI #MachineLearning #Da\xe2\x80\xa6'"
149,2022-07-12 18:15:03,1546921091330846720,Gamer Geek,"b'RT @ai_jobsNET: HIRING: Senior Data Analyst (Bangkok Based, relocation provided) / Bangkok https://t.co/0Ap2GfiiVZ #AI #MachineLearning #Da\xe2\x80\xa6'"
150,2022-07-12 18:04:42,1546918487456612352,ai-jobs.net,"b'HIRING: Senior Data Analyst (Bangkok Based, relocation provided) / Bangkok https://t.co/0Ap2GfiiVZ #AI\xe2\x80\xa6 https://t.co/H8IIITk1r7'"
151,2022-07-12 18:04:39,1546918476048367616,syaqi.,"b'Btw, nak analyst all this ting gentle kena guna processor i7+ \xf0\x9f\xa5\xb9 kalau i5 latest gen pun cam hauk jee.. tadi tu try\xe2\x80\xa6 https://t.co/IhB1ISl4iQ'"
152,2022-07-12 17:51:33,1546915177383149568,Risnaning.,"b'kepikiran data analyst tp kok pake phyton skip aja dah:"")'"
153,2022-07-12 15:57:03,1546886364804788224,qwerty,"b'@jpmorganID @iqbalx996 @cenilbasah @cacaaaaaaaama @worksfess Tp JP Morgan itu perusahaan top bang, klo ada loker in\xe2\x80\xa6 https://t.co/dRYRi5SAJd'"
154,2022-07-12 15:48:26,1546884193892057088,·¥∏¬π‚Å¥‚Å∏‚Åµloey,"b'@sstrrangerrr @worksfess kalau untuk sekarang aku kurang tau kak, soalnya aku data analyst per project aja. Coba ka\xe2\x80\xa6 https://t.co/wb4pv28yIG'"
155,2022-07-12 15:32:48,1546880260494753792,it's me,b'@Yeolieloey_ @worksfess kira-kira untuk sekarang ada lowongan internnya gaya ka ? lg pengen bgt menggeluti dunia data analyst'
156,2022-07-12 15:12:02,1546875033313689600,awan ‚òÅÔ∏è| lagi libur ‚ú®,b'math ugm lah fyi ni jurusan prospek loh jadi data analyst https://t.co/FtooMbeai1'
157,2022-07-12 15:09:02,1546874279807287297,‰∏ÄÁï™ üçÄ,b'Demi allah mending ngurus data analyst kebanding suruh bikin report hasil konseling'
158,2022-07-12 15:04:26,1546873123374796801,it's me,b'@Yeolieloey_ @worksfess ka boleh tau ngga intern data analyst dimana ?'
159,2022-07-12 14:58:37,1546871656366632961,J,"b'awal mula belajar data analyst, ini apa!?! prosedurnya riweuh banget :""(!, kok susah yaa, pas di praktekkin astagaa\xe2\x80\xa6 https://t.co/NJXXhA42nI'"
160,2022-07-12 14:41:04,1546867242163326977,Adit Gili,"b'@RudyRoedyanto lebih disarankan untuk pelatih fisik, data analyst'"
161,2022-07-12 14:38:33,1546866609339244545,ufo üëæ,"b'Wowowowow agak shocking yah pengumumannya sekarang, padahal di announcement itu tgl 21 seharusnya. But hey, here i\xe2\x80\xa6 https://t.co/ErW9JSxr0a'"
162,2022-07-12 13:55:41,1546855820079509504,Ghea,"b'@mimaa5_ mjb ya tapi kalo saranku statistik, soalnya bisa jadi data analytics dan pekerjaan itu lg dibutuhin banget\xe2\x80\xa6 https://t.co/js77TieICf'"
163,2022-07-12 13:51:07,1546854670332674048,sammy,"b'RT @zawiramin: Data Analyst (DA). Kerjaya yang boleh masuk dalam hampir kesemua industri yang ada sekarang ini, daripada retail sehinggalah\xe2\x80\xa6'"
164,2022-07-12 13:38:29,1546851494154055680,Ziliun,b'Nice thread buat yang tertarik dan baru coba-coba belajar jadi Data Analyst!\n\nhttps://t.co/xo43ZOZiFI'
165,2022-07-12 13:37:56,1546851352001019904,awawawan,b'@beruangjeongwoo WKWKWK NGAKAK IYAA\xf0\x9f\x98\xad data analyst bukan?'
166,2022-07-12 13:22:49,1546847547909898240,awawawan,"b""pas ngikut course tentang data analyst langsung sadar GUE GAPAHAM APAPUN:''"""
167,2022-07-12 13:21:22,1546847184615665665,Rany,b'@KElG0TAKAMl sekarang jadi data analyst ga?'
168,2022-07-12 13:00:55,1546842039920246784,Hiring Now in Tech,b'RT @ai_jobsNET: HIRING: Data Analyst / Mumbai https://t.co/cruzsZcoqO #AI #MachineLearning #DataJobs #Jobsearch #MLjobs #bigdata #DataScien\xe2\x80\xa6'
169,2022-07-12 12:59:25,1546841660738490369,Hiring Now in Tech,"b'RT @ai_jobsNET: HIRING: Data Analyst - Billing / Barcelona, Catalonia, Spain https://t.co/wENpzJ93x0 #AI #MachineLearning #DataJobs #Jobsea\xe2\x80\xa6'"
170,2022-07-12 12:57:44,1546841238539710466,M K Imam Mufti,b'@collegemenfess Temenku 1 kantor 2 orang lulusan matematika murni jadi Programmer ERP yg satu technical yg satu Fun\xe2\x80\xa6 https://t.co/pDh9DpK0xI'
171,2022-07-12 12:48:07,1546838817638088705,daisy,"b'RT @apamungkasa: Aku juga baru tahu, Business Intelligence dan Business Analyst itu sama-sama berurusan dengan pemeriksaan data untuk menin\xe2\x80\xa6'"
172,2022-07-12 12:44:27,1546837892227809282,Survivor,b'@apamungkasa @DibimbingId business analyst sama data anlyst itu sama/beda sih kak?'
173,2022-07-12 12:43:30,1546837656654336000,Sipaling ‚ú®kalcer syok‚ú®,b'Weh kemaren malem bgt gw main ome trus ketemu bapack2 (?) Kerjaannya data analyst di amazone \xf0\x9f\x99\x82\xf0\x9f\x91\x8d\xf0\x9f\x8f\xbf terlalu banyak ngo\xe2\x80\xa6 https://t.co/Mxoc3nTMEi'
174,2022-07-12 12:37:40,1546836188111458304,Pamungkas Adiputra,b'KETIGA\n\n\xf0\x9f\x94\xb9 Business Intelligence memberikan wawasan terkait data dibandingkan membuat transformasi tambahan terhadap\xe2\x80\xa6 https://t.co/oW8vIzv3Yz'
175,2022-07-12 12:36:10,1546835810598924288,Pamungkas Adiputra,b'KEDUA\n\n\xf0\x9f\x94\xb9 Business Intelligence menggunakan user interface dashboard untuk menganalisis suatu temuan data.\n\n\xf0\x9f\x94\xb8 Busine\xe2\x80\xa6 https://t.co/0v1PaYWuoM'
176,2022-07-12 12:35:01,1546835522252783617,(‚úø‚ó†‚Äø‚ó†),b'kelas data analyst bosen jg ya'
177,2022-07-12 12:33:06,1546835039228694528,Pamungkas Adiputra,"b'Aku juga baru tahu, Business Intelligence dan Business Analyst itu sama-sama berurusan dengan pemeriksaan data untu\xe2\x80\xa6 https://t.co/MFKxOPloiR'"
178,2022-07-12 12:15:37,1546830638799433728,UGM_FESS,b'ugm_fess course digital marleting/ data analyst course buat beginner yang harganya ga overprice dimana ya?'
179,2022-07-12 12:03:39,1546827626597187584,ai-jobs.net,b'HIRING: Data Analyst / Mumbai https://t.co/cruzsZcoqO #AI #MachineLearning #DataJobs #Jobsearch #MLjobs #bigdata\xe2\x80\xa6 https://t.co/VJEAdKaNMR'
180,2022-07-12 12:03:02,1546827473219887105,ai-jobs.net,"b'HIRING: Data Analyst - Billing / Barcelona, Catalonia, Spain https://t.co/wENpzJ93x0 #AI #MachineLearning #DataJobs\xe2\x80\xa6 https://t.co/9vfZCnPPVV'"
181,2022-07-12 11:54:15,1546825259084845056,Widdy Febrian,"b'Alhamdulillah, pindah kantor kayak di reminder ""blok lu 2 tahun ngapain aja"", dijejelin dan ngeliat data analyst ma\xe2\x80\xa6 https://t.co/mTI8lR12hJ'"
182,2022-07-12 11:50:23,1546824288245653504,memeng n fren,b'@worksfess mau dongg aku bagian data analyst skrgg'
183,2022-07-12 11:38:31,1546821303537385477,tehTarik,"b'@worksfess Akuntan ya, coba belajar Data Science, bljr mandiri atau bootcamp stlah itu coba apply jd Data Scientist\xe2\x80\xa6 https://t.co/ltxXOHXDF0'"
184,2022-07-12 11:36:05,1546820687649579008,Keem,b'Aiyooo. Data Analyst role tp JD mcm Data Engineer. Mcm Network Optimization Engineer pun ada. Mcm2 requirements. \n\nGilooo'
185,2022-07-12 11:30:12,1546819207551102976,Bosan jadi pegawhy,"b'Yaa Allah, saya pengen jadi data analyst \xf0\x9f\xa4\xb2\xf0\x9f\xa4\xb2\xf0\x9f\xa4\xb2\xf0\x9f\xa4\xb2'"
186,2022-07-12 10:39:37,1546806479251943424,someone,"b'@collegemenfess gatau aja dia kalau prospek mat murni jauh lebih bagus. bisa jadi programmer, data analyst bahkan AI Engineer yang gajinya++'"
187,2022-07-12 10:20:58,1546801785381474305,Amaia (62/180),b'@dimitreccu susah enggak jadi data analyst?'
188,2022-07-12 10:08:41,1546798694971805696,wÃ∂oÃ∂kÃ∂eÃ∂brokesalaryman,b'RT @worksfess: Work!\n\nada yg pernah interview analyst data di perusahaan spore??? technical interview biasanya ditanyain apa aja ya??? than\xe2\x80\xa6'
189,2022-07-12 10:06:26,1546798129928077312,Baca Rules (bit.ly/worksfess),b'Work!\n\nada yg pernah interview analyst data di perusahaan spore??? technical interview biasanya ditanyain apa aja ya??? thanks in advance'
190,2022-07-12 09:57:30,1546795879138758657,Amaia (62/180),b'mending digital marketing atau data analyst ya'
191,2022-07-12 09:32:18,1546789536763498497,yayaya,"b'@collegemenfess Tenang aja bisa  data analyst, data scientist gitu kok. Asah skill aja, banyakbanyakin ikut pelatih\xe2\x80\xa6 https://t.co/zCdxJ2F7rN'"
192,2022-07-12 09:22:24,1546787044911095808,yocelyn¬≤¬≤,"b'RT @snukyun: @hrdbacot Tergantung pas kuliah ambil peminatannya apa. Gue matmur tapi banyak ambil matkul statistik, skrg kerjanya data scie\xe2\x80\xa6'"
193,2022-07-12 09:20:12,1546786495021072384,yocelyn¬≤¬≤,"b'RT @fgnDev: @hrdbacot Listen to me, kalo lu anak math apa lagi murni. Peluang terbesar untuk kalian terjun ke dunia tech. ML/AI, Big data,\xe2\x80\xa6'"
194,2022-07-12 09:07:10,1546783211602452480,nat,b'CHANNEL YOUTUBE BUAT EXPLOR DUNIA DATA ANALYST!\n\n1. Alex The Analyst\n\nbaru intip dikit dan keliatannya lengkap bang\xe2\x80\xa6 https://t.co/8hoT3KKbkm'
195,2022-07-12 08:52:47,1546779592148635649,Vacancies in Ukraine,"b'HR Data Lake Business Analyst in\n \n Budapest,\n\n Hungary\nhttps://t.co/kj01rUh6zH'"
196,2022-07-12 08:23:58,1546772339819708416,yocelyn¬≤¬≤,"b'RT @worksfess: work! aku maba jurusan matematika murni, kalo mau jadi data scientist atau data analyst harus ikut course apa ya? dan cari i\xe2\x80\xa6'"
197,2022-07-12 08:22:41,1546772017625452545,Pohon Lontar,"b'kali aja ada yg punya soal2 excel yg susah kaya data analyst gitu, boleh minta gk sih atau ku bayar aja gpp'"
198,2022-07-12 07:37:30,1546760647320674305,nat,"b'semuanya bermulai dari sini :"" lulus kuliah planga plongo bingung mau ambil karir apa karena ngerasa salah jurusan\xe2\x80\xa6 https://t.co/EM56TudJzB'"
199,2022-07-12 07:34:27,1546759881260093441,nat,"b'@worksfess 1. Digitalent Kominfo : aku ikut yang data scientist tapi kayanya pendaftarannya udah tutup, cek dulu aj\xe2\x80\xa6 https://t.co/2RJjPw9ovn'"
200,2022-07-12 07:29:30,1546758635807973376,Baca Rules (bit.ly/worksfess),"b'work! aku maba jurusan matematika murni, kalo mau jadi data scientist atau data analyst harus ikut course apa ya? d\xe2\x80\xa6 https://t.co/QRaaluYWMT'"
201,2022-07-12 07:26:07,1546757784003551233,Oren.,b'@karirfess Baru magang aja sih aku. Dan kebetulan bukan di divisi yg emang khusus data analyst. Cuma jadi DA di div\xe2\x80\xa6 https://t.co/aeWm7kedj2'
202,2022-07-12 07:16:25,1546755341630652417,Baca Rules di Bio ‚Äº,b'Kr! Ada yg jadi data analyst? Kerjanya ngapain sih'
203,2022-07-12 06:53:16,1546749516954869762,Yuda Hendriawan,"b'@its_fess saya alumni MAT ITS , ntar bisa nyeberang ke bidang IT kayak developer, data science, analyst, dosen past\xe2\x80\xa6 https://t.co/JTvqWtdPUd'"
204,2022-07-12 06:28:07,1546743185883697153,·¥∏¬π‚Å¥‚Å∏‚Åµloey,"b'@worksfess nder mau dong, kebetulan domku cikarang dan saat ini aku lgi intern jadi data analyst'"
205,2022-07-12 05:40:42,1546731255928016896,Andru,"b'RT @nailafadhilah: Guys kl ada Data analyst/mau jadi Data analyst yang lagi cari kerja, DM aku ya~\n\ntech: HiveQL, Presto SQL, Python, Excel\xe2\x80\xa6'"
206,2022-07-12 05:36:02,1546730081325699072,Naila,"b'Guys kl ada Data analyst/mau jadi Data analyst yang lagi cari kerja, DM aku ya~\n\ntech: HiveQL, Presto SQL, Python,\xe2\x80\xa6 https://t.co/GRSqRPRTWJ'"
207,2022-07-12 04:37:51,1546715435671879680,"Sal‚ùå | Joki Proteus | Apk Premium | Daftar Isi,Hal",b'@DTS_kominfo Data analyst buka lagi kapan min?'
208,2022-07-12 04:21:35,1546711345307226112,bil,b'@collegemenfess ketawain aja gausah diambil pusing. ilmu murni tuh prospeknya luas banget. malah lebih ditengok sam\xe2\x80\xa6 https://t.co/qH84mPeMe6'
209,2022-07-12 04:21:23,1546711294408937472,Mamang,b'RT @pacmannai: \xf0\x9f\x93\xa2 LAST CALL UNTUK BELAJAR DATA SCIENCE/BUSINESS INTELLIGENCE!\n\nAda CASHBACK HINGGA \xe2\x9d\x87\xef\xb8\x8fRp9.000.000\xe2\x9d\x87\xef\xb8\x8f\n\nSubsidi BBM berlaku hing\xe2\x80\xa6'
210,2022-07-12 01:43:34,1546671576434634752,Ÿã,"b'@collegemenfess padahal prospeknya luas. Soalnya kita nanti belajar pemrograman juga, keuangan, statistika. Plis in\xe2\x80\xa6 https://t.co/Agltf7xL1i'"
211,2022-07-11 21:18:58,1546604990537805824,"OPEN FREE ADOPT ""DAN"" & ""GUMI"" üòºüòΩ","b'@collegemenfess eh jangan salah, sepupuku banyak yg mtk murni. kelar wisuda lgs lamar di perusahaan bagian data ana\xe2\x80\xa6 https://t.co/ohvfowrlBG'"
212,2022-07-11 21:05:49,1546601679977455618,misel,"b'@collegemenfess klo menurutku justru matmur lebih luas. karna mau matmur atau pendidikan mat, sama sama berpotensi\xe2\x80\xa6 https://t.co/aWmcpCT0f5'"
213,2022-07-11 21:00:48,1546600418377351168,wÃ∂oÃ∂kÃ∂eÃ∂brokesalaryman,"b'@collegemenfess bisa actuary, bisa data science/analyst, bisa economist, bisa ke software developer kalo mau belaja\xe2\x80\xa6 https://t.co/OpWEnKnU2H'"
214,2022-07-11 20:46:40,1546596860256714752,N·ªçnye,b'@Sholexx_ @Marktony165 @MobilePunch Kpele data ANALyst'
215,2022-07-11 19:55:27,1546583969579167744,Cipta,"b'@collegemenfess Jujur mtk paling gua benci tapi sering kepikiran buat jadi data analyst,scientist.'"
216,2022-07-11 19:42:29,1546580707043991553,Kochengüåπ,"b'@collegemenfess Kaga juga sih keknya. kayanya sekarang pada ke data macem data analyst, data scientist, business in\xe2\x80\xa6 https://t.co/3Paet1yGB6'"
217,2022-07-11 18:29:17,1546562287804112896,ùë®sta.,"b'Pekerjaan : Data Analyst \n\nMusik kesukaan : random, akhir - akhir ini suka lagu tahun 70an.\n\nFilm kesukaan : horor,\xe2\x80\xa6 https://t.co/Dyub6SiVIf'"
218,2022-07-11 18:13:17,1546558258030080000,anas,"b'@collegemenfess Hahh nggakk kokkk, malah skrg buat data analyst gitu banyak di requirementnya minta jurusan mat ata\xe2\x80\xa6 https://t.co/eBC35MFqRO'"
219,2022-07-11 16:20:32,1546529884939653120,octopus,"b'@collegemenfess jangan salah , banyak bgt deh setauku mirip2 sama statistik kan . analyst data maybe'"
220,2022-07-11 15:32:42,1546517848990035969,Pohon Lontar,b'kecanduan soal2 excel tentang data analyst'
221,2022-07-11 15:25:56,1546516144185430019,your eyes in my sky,"b'Mulai skrg jadi system analyst merangkap juga jadi data analyst, besok2 gw otw merangkap juga sebagai business anal\xe2\x80\xa6 https://t.co/xIu9VFPFXU'"
222,2022-07-11 15:19:26,1546514507639705600,jejeüåª,"b'@collegemenfess Jadi data analyst nder, terbuka lebar malah peluangnya kalo dr mtk murni'"
223,2022-07-11 15:19:23,1546514495107117056,Bloggerpi.com,b'Pemula Yang Pengen Belajar Jadi Data Analyst - #DataAnalyst #Geekstuff - https://t.co/S6CyCRa26C https://t.co/mXWqIA3B4L'
224,2022-07-11 15:19:22,1546514490761818118,Backpacker Indonesia,b'Pemula Yang Pengen Belajar Jadi Data Analyst - #DataAnalyst #Geekstuff - https://t.co/6qkNjTTn1V https://t.co/ALzPIoexfX'
225,2022-07-11 15:19:20,1546514483996393472,Fahmi,b'Pemula Yang Pengen Belajar Jadi Data Analyst - #DataAnalyst #Geekstuff - https://t.co/AdZEhzKGVs https://t.co/43xljGQWfa'
226,2022-07-11 15:16:31,1546513775464812544,Addinidee,"b'@collegemenfess googling nder, mtk murni banyak kok prospek kerjanya. bisa data analyst, data scientist, aktuaris,\xe2\x80\xa6 https://t.co/GDvWLsxgZE'"
227,2022-07-11 14:46:51,1546506309872168961,Nana,"b'Saat ini butuh laptop sih buat ngedalemin excel lagi, Trs tertarik juga jadi data analyst. Semoga deh thn ini bisa kebeli laptop buat bljr'"
228,2022-07-11 12:49:03,1546476664267640832,Andeen,"b'@collegemenfess Soo far pemrograman, ada dua matkul trs jelek semua wkwkwkw anehnya interesting bgt sama data analy\xe2\x80\xa6 https://t.co/tVxP7YPV8D'"
229,2022-07-11 12:45:19,1546475723921051648,your beloved ruby,"b'Pokoknya tahun depan minta naik gaji soalnya di MOU nya sih jadi system analyst, tapi realitanya juga jadi technical leader + data analyst \xf0\x9f\x99\x84'"
230,2022-07-11 12:43:30,1546475267060772864,‡∑¥,"b'Indonesia kekurangan data analyst, bahkan diprediksi kalo 2030 indonesia masih kekurangan data analyst makanya mere\xe2\x80\xa6 https://t.co/RXvdWdFmzi'"
231,2022-07-11 11:50:26,1546461914636906496,COLLE,"b'[cm] sender keterima Studi Independen di bitlabs academy dan myedusolve bidang data analyst, sender mau minta penda\xe2\x80\xa6 https://t.co/l1ZShObz6r'"
232,2022-07-11 11:41:30,1546459662719283200,( Õ°‚Ä¢. ‚Ä¢. Õ° ) #CHILD,"b'@Mulance Iyaaah tadinya... sekitar 2,5 tahun lah jadi analyst hehe sekarang aku MIS yg pegang data tapi masih di di\xe2\x80\xa6 https://t.co/biyDzPRWTt'"
233,2022-07-11 11:13:23,1546452589319180289,ùñâùñäùñöùñù,"b'@collegemenfess kalo km pikir stat itu ngitung, ngga salah. tapi jaman skrg stat itu pake software. misal km susah\xe2\x80\xa6 https://t.co/mT7qTXdI5D'"
234,2022-07-11 11:12:20,1546452323680997376,Rendi,b'RT @karirfess: Kr! Pacarku udh lama nganggur krn imbas covid. Kebetulan jurusan dan pengalaman kerjanya itu kurang relevan jd skrg mau cari\xe2\x80\xa6'
235,2022-07-11 10:45:31,1546445576560340992,Baca Rules di Bio ‚Äº,b'Kr! Pacarku udh lama nganggur krn imbas covid. Kebetulan jurusan dan pengalaman kerjanya itu kurang relevan jd skrg\xe2\x80\xa6 https://t.co/LczhwlsfD1'
236,2022-07-11 10:12:40,1546437309892947968,digitalskillsarea,b'Mau siap seleksi kerja dengan excel? Mau berkarir sebagai data analyst/scientist? Yuk ikuti pelatihan di digitalski\xe2\x80\xa6 https://t.co/Rmfygu8hPg'
237,2022-07-11 09:57:54,1546433594700075008,Probably Approximately Campus,b'\xf0\x9f\x93\xa2 LAST CALL UNTUK BELAJAR DATA SCIENCE/BUSINESS INTELLIGENCE!\n\nAda CASHBACK HINGGA \xe2\x9d\x87\xef\xb8\x8fRp9.000.000\xe2\x9d\x87\xef\xb8\x8f\n\nSubsidi BBM ber\xe2\x80\xa6 https://t.co/LTMmhtuPu7'
238,2022-07-11 09:56:25,1546433220798980098,remotejobs.ninja ü•ã,b'New Remote Job \xf0\x9f\x8f\x86\xf0\x9f\x91\x87\xf0\x9f\x8f\xbb\n\n HR Data Analyst HR Data https://t.co/8mtlMFwLeD #remotejobs #remote #remoteworking #workfromhome #homejobs #remotejob'
239,2022-07-11 09:52:33,1546432244847607808,bila·µõ kun | rain day!,"b'@collegemenfess luas nder, imo lulusan statistika biasanya jadi data analyst atau data saintis lokernya masih bnyk\xe2\x80\xa6 https://t.co/1BJHwneMQn'"
240,2022-07-11 08:39:43,1546413918620651521,StarXiD,"b'@schcampus Data scientist, data analyst, data engineer, business intelligence, machine learning engineer, risk mana\xe2\x80\xa6 https://t.co/lkqUuu78gp'"
241,2022-07-11 07:00:51,1546389035144597504,kartika,"b'gue ketika sekolah : ga mau ketemu angka, pusing duluan\ngue sekarang : jadi analyst, isinya angka semua, making sta\xe2\x80\xa6 https://t.co/RlFk2owH9a'"
242,2022-07-11 06:53:50,1546387271200514048,üìå,"b'@LightFu17 -ku menjadi seorang data analyst/ business analyst kak \xf0\x9f\xa5\xb9. Karena sadar UGM itu susah untuk ditembus, mak\xe2\x80\xa6 https://t.co/zFi3pcK9wM'"
243,2022-07-11 06:14:40,1546377412492939264,Agnes vici,b'RT @digiskillsarea: Mau siap seleksi kerja dengan excel? Mau berkarir sebagai data analyst/scientist? Yuk ikuti pelatihan di digitalskillsa\xe2\x80\xa6'
244,2022-07-11 05:54:34,1546372353919426561,faiza üê≥,b'RT @nmonarizqa: Wkwkw btw ga semua bootcamp created equal dan ga semua kerjaan data created equal juga. Ada yang barriernya tinggi (MLOps m\xe2\x80\xa6'
245,2022-07-11 05:10:59,1546361387802591233,Nana,b'RT @digiskillsarea: Mau siap seleksi kerja dengan excel? Mau berkarir sebagai data analyst/scientist? Yuk ikuti pelatihan di digitalskillsa\xe2\x80\xa6'
246,2022-07-11 05:09:49,1546361093756399616,double d,"b'@worksfess jurusanku matematika dan minat di bidang data analyst, data entry, dan sejenisnya tp tiap lamar kerja se\xe2\x80\xa6 https://t.co/ERJsmyBVp5'"
247,2022-07-11 03:22:41,1546334132648935427,Infoloker.bogor,b'Dibutuhkan 30 pelamar tercepat untuk mengisi posisi:\n1. Data Analyst\n2. Public Relation\n3. Business Consultant\n4. A\xe2\x80\xa6 https://t.co/96QXhmElo6'
248,2022-07-10 23:47:12,1546279903208779776,Ndin,"b'@MhmmdMin Bro kamu harus nonton shaft di netflix deh wkwkwk lucu banget itu film, si pemeran utamanya tuh data analyst'"
249,2022-07-10 19:05:33,1546209025960058880,Sky,"b'kek, susah bgt bayangin masuk jurusan selain sasing.... \xf0\x9f\x98\xad tapi kepengen juga kerja jadi data analyst.... wkwkwk bingung gk tuh'"
